has_policy,actively_managed,breached,weighted_n,proportion
0,0,0,6998.43074442,0.3342940512302274
0,0,1,3088.30655463,0.14751914354675652
0,1,0,1558.6023141800001,0.07444975893766892
0,1,1,1215.8282166899999,0.058076468139859706
1,0,0,1610.9620628900002,0.07695082712807982
1,0,1,1574.23496426,0.0751964837560683
1,1,0,2221.23773139,0.10610186584526125
1,1,1,2667.35188849,0.1274114014160782
